"SECTOR","STATE","STATE_FIPS","POLLUTANT","POLLUTANT TYPE","EMISSIONS","UNIT OF MEASURE"
"Mobile - On-Road non-Diesel Light Duty Vehicles","MA","25","Carbon Dioxide","GHG","27398898.467518","TON"
"Industrial Processes - NEC","MA","25","Carbon Dioxide","GHG","16090958.05982465","TON"
"Mobile - On-Road Diesel Heavy Duty Vehicles","MA","25","Carbon Dioxide","GHG","4698757.4381713","TON"
"Mobile - Non-Road Equipment - Diesel","MA","25","Carbon Dioxide","GHG","1632264.0282071","TON"
"Mobile - Non-Road Equipment - Gasoline","MA","25","Carbon Dioxide","GHG","1153377.798697411","TON"
"Mobile - On-Road non-Diesel Heavy Duty Vehicles","MA","25","Carbon Dioxide","GHG","799207.9329912","TON"
"Mobile - Aircraft","MA","25","Carbon Dioxide","GHG","544949.3946116","TON"
"Mobile - On-Road Diesel Light Duty Vehicles","MA","25","Carbon Dioxide","GHG","385917.12306","TON"
"Mobile - Non-Road Equipment - Other","MA","25","Carbon Dioxide","GHG","353761.608062206","TON"
"Mobile - On-Road non-Diesel Light Duty Vehicles","MA","25","Carbon Monoxide","CAP","273611.84857728","TON"
"Mobile - Non-Road Equipment - Gasoline","MA","25","Carbon Monoxide","CAP","218623.8372572673","TON"
"Biogenics - Vegetation and Soil","MA","25","Volatile Organic Compounds","CAP","93425.9582","TON"
"Fuel Comb - Residential - Wood","MA","25","Carbon Monoxide","CAP","33967.57584293","TON"
"Mobile - On-Road non-Diesel Light Duty Vehicles","MA","25","Nitrogen Oxides","CAP","23922.411101743","TON"
"Mobile - On-Road non-Diesel Light Duty Vehicles","MA","25","Volatile Organic Compounds","CAP","22027.600288432","TON"
"Waste Disposal","MA","25","Carbon Monoxide","CAP","20163.42641425","TON"
"Solvent - Consumer & Commercial Solvent Use","MA","25","Volatile Organic Compounds","CAP","18090.6822652534","TON"
"Mobile - Non-Road Equipment - Gasoline","MA","25","Volatile Organic Compounds","CAP","17082.7291391565","TON"
"Fires - Wildfires","MA","25","Carbon Dioxide","GHG","16486.932623","TON"
"Solvent - Industrial Surface Coating & Solvent Use","MA","25","Volatile Organic Compounds","CAP","16043.134194","TON"
"Mobile - On-Road Diesel Heavy Duty Vehicles","MA","25","Nitrogen Oxides","CAP","15368.4660701854","TON"
"Mobile - Aircraft","MA","25","Lead","CAP/HAP","14653.75088318","LB"
"Industrial Processes - NEC","MA","25","Methane","GHG","14331.1176398435","TON"
"Biogenics - Vegetation and Soil","MA","25","Carbon Monoxide","CAP","12054.85685","TON"
"Dust - Unpaved Road Dust","MA","25","PM10 Primary (Filt + Cond)","CAP","11475.1871","TON"
"Dust - Construction Dust","MA","25","PM10 Primary (Filt + Cond)","CAP","10931.3954366","TON"
"Agriculture - Crops & Livestock Dust","MA","25","PM10 Primary (Filt + Cond)","CAP","10868.286217061","TON"
"Mobile - On-Road non-Diesel Heavy Duty Vehicles","MA","25","Carbon Monoxide","CAP","10625.43860033","TON"
"Mobile - Non-Road Equipment - Diesel","MA","25","Nitrogen Oxides","CAP","9570.07184957084","TON"
"Solvent - Non-Industrial Surface Coating","MA","25","Volatile Organic Compounds","CAP","8709.22642","TON"
"Fuel Comb - Electric Generation - Oil","MA","25","Carbon Dioxide","GHG","8403.6","TON"
"Dust - Paved Road Dust","MA","25","PM10 Primary (Filt + Cond)","CAP","8170.17259","TON"
"Mobile - Aircraft","MA","25","Carbon Monoxide","CAP","8167.493990908","TON"
"Agriculture - Livestock Waste","MA","25","Ammonia","CAP","6253.561621804","TON"
"Fuel Comb - Comm/Institutional - Natural Gas","MA","25","Nitrogen Oxides","CAP","5874.905017","TON"
"Fuel Comb - Residential - Natural Gas","MA","25","Nitrogen Oxides","CAP","5695.506866","TON"
"Mobile - On-Road Diesel Heavy Duty Vehicles","MA","25","Carbon Monoxide","CAP","5538.694777972","TON"
"Waste Disposal","MA","25","Nitrogen Oxides","CAP","5426.598323654","TON"
"Mobile - Commercial Marine Vessels","MA","25","Nitrogen Oxides","CAP","5308.50674455","TON"
"Mobile - Non-Road Equipment - Other","MA","25","Carbon Monoxide","CAP","5197.5620878117","TON"
"Solvent - Degreasing","MA","25","Volatile Organic Compounds","CAP","5172.646576","TON"
"Fuel Comb - Residential - Wood","MA","25","Volatile Organic Compounds","CAP","4821.047549243","TON"
"Fuel Comb - Comm/Institutional - Natural Gas","MA","25","Carbon Monoxide","CAP","4780.823976","TON"
"Mobile - Non-Road Equipment - Diesel","MA","25","Carbon Monoxide","CAP","4726.71832225579","TON"
"Fuel Comb - Residential - Wood","MA","25","PM10 Primary (Filt + Cond)","CAP","4620.6542959","TON"
"Fuel Comb - Residential - Wood","MA","25","PM2.5 Primary (Filt + Cond)","CAP","4610.4819812","TON"
"Gas Stations","MA","25","Volatile Organic Compounds","CAP","4535.81908398","TON"
"Fuel Comb - Residential - Oil","MA","25","Nitrogen Oxides","CAP","4329.71396482","TON"
"Fuel Comb - Comm/Institutional - Oil","MA","25","Nitrogen Oxides","CAP","4271.824602005","TON"
"Mobile - Locomotives","MA","25","Nitrogen Oxides","CAP","4098.010759","TON"
"Mobile - Non-Road Equipment - Gasoline","MA","25","Nitrogen Oxides","CAP","3853.0246106708556","TON"
"Industrial Processes - Storage and Transfer","MA","25","Volatile Organic Compounds","CAP","3575.70061","TON"
"Waste Disposal","MA","25","Volatile Organic Compounds","CAP","3401.51291762","TON"
"Miscellaneous Non-Industrial NEC","MA","25","Ammonia","CAP","3325.496229","TON"
"Mobile - On-Road non-Diesel Light Duty Vehicles","MA","25","PM10 Primary (Filt + Cond)","CAP","3180.0509279331","TON"
"Mobile - On-Road Diesel Light Duty Vehicles","MA","25","Carbon Monoxide","CAP","3145.9273632","TON"
"Waste Disposal","MA","25","PM10 Primary (Filt + Cond)","CAP","3120.75008564","TON"
"Fuel Comb - Industrial Boilers, ICEs - Natural Gas","MA","25","Nitrogen Oxides","CAP","2962.17499","TON"
"Commercial Cooking","MA","25","PM10 Primary (Filt + Cond)","CAP","2930.3092117","TON"
"Waste Disposal","MA","25","PM2.5 Primary (Filt + Cond)","CAP","2816.01967388","TON"
"Commercial Cooking","MA","25","PM2.5 Primary (Filt + Cond)","CAP","2720.45533","TON"
"Miscellaneous Non-Industrial NEC","MA","25","Carbon Monoxide","CAP","2586.94440853108","TON"
"Fuel Comb - Residential - Wood","MA","25","Organic Carbon portion of PM2.5-PRI","","2435.25658246984","TON"
"Fuel Comb - Residential - Natural Gas","MA","25","Carbon Monoxide","CAP","2423.620122","TON"
"Fuel Comb - Industrial Boilers, ICEs - Biomass","MA","25","Carbon Monoxide","CAP","2188.266779","TON"
"Agriculture - Crops & Livestock Dust","MA","25","PM2.5 Primary (Filt + Cond)","CAP","2173.8388868222","TON"
"Fuel Comb - Industrial Boilers, ICEs - Natural Gas","MA","25","Carbon Monoxide","CAP","2152.620698","TON"
"Agriculture - Crops & Livestock Dust","MA","25","Remaining PMFINE portion of PM2.5-PRI","","2076.79238008791578","TON"
"Dust - Paved Road Dust","MA","25","PM2.5 Primary (Filt + Cond)","CAP","2042.543348","TON"
"Mobile - Aircraft","MA","25","Nitrogen Oxides","CAP","1921.4604662829","TON"
"Fuel Comb - Residential - Wood","MA","25","Remaining PMFINE portion of PM2.5-PRI","","1890.4267057874736","TON"
"Fuel Comb - Industrial Boilers, ICEs - Biomass","MA","25","PM10 Primary (Filt + Cond)","CAP","1858.3347237","TON"
"Fuel Comb - Residential - Oil","MA","25","Sulfur Dioxide","CAP","1836.166312535","TON"
"Industrial Processes - Mining","MA","25","PM10 Primary (Filt + Cond)","CAP","1828.70653","TON"
"Fuel Comb - Industrial Boilers, ICEs - Oil","MA","25","Nitrogen Oxides","CAP","1808.482551","TON"
"Dust - Paved Road Dust","MA","25","Remaining PMFINE portion of PM2.5-PRI","","1808.318774654796","TON"
"Commercial Cooking","MA","25","Organic Carbon portion of PM2.5-PRI","","1780.6329236856","TON"
"Miscellaneous Non-Industrial NEC","MA","25","Volatile Organic Compounds","CAP","1711.6202564189743","TON"
"Mobile - On-Road non-Diesel Light Duty Vehicles","MA","25","Ammonia","CAP","1661.4641773","TON"
"Solvent - Graphic Arts","MA","25","Volatile Organic Compounds","CAP","1638.454627","TON"
"Fuel Comb - Industrial Boilers, ICEs - Biomass","MA","25","PM2.5 Primary (Filt + Cond)","CAP","1605.1975237","TON"
"Mobile - On-Road non-Diesel Heavy Duty Vehicles","MA","25","Nitrogen Oxides","CAP","1532.4321446631","TON"
"Fires - Wildfires","MA","25","Carbon Monoxide","CAP","1506.811807","TON"
"Industrial Processes - NEC","MA","25","Volatile Organic Compounds","CAP","1395.487520577","TON"
"Fires - Prescribed Fires","MA","25","Carbon Dioxide","GHG","1389.3464793","TON"
"Waste Disposal","MA","25","Remaining PMFINE portion of PM2.5-PRI","","1368.7677889460786","TON"
"Mobile - On-Road Diesel Heavy Duty Vehicles","MA","25","Volatile Organic Compounds","CAP","1329.5037600356","TON"
"Fuel Comb - Residential - Oil","MA","25","Carbon Monoxide","CAP","1292.938890049","TON"
"Mobile - On-Road Diesel Heavy Duty Vehicles","MA","25","PM10 Primary (Filt + Cond)","CAP","1269.33173839315","TON"
"Fuel Comb - Residential - Natural Gas","MA","25","Ammonia","CAP","1211.809921","TON"
"Fuel Comb - Electric Generation - Natural Gas","MA","25","Nitrogen Oxides","CAP","1188.9925","TON"
"Dust - Unpaved Road Dust","MA","25","PM2.5 Primary (Filt + Cond)","CAP","1140.32334","TON"
"Commercial Cooking","MA","25","Carbon Monoxide","CAP","1120.9302775","TON"
"Dust - Construction Dust","MA","25","PM2.5 Primary (Filt + Cond)","CAP","1093.16313366","TON"
"Waste Disposal","MA","25","Organic Carbon portion of PM2.5-PRI","","1083.46703113441","TON"
"Industrial Processes - NEC","MA","25","Lead","CAP/HAP","1070.11045696","LB"
"Dust - Unpaved Road Dust","MA","25","Remaining PMFINE portion of PM2.5-PRI","","1066.82722009032","TON"
"Mobile - On-Road Diesel Light Duty Vehicles","MA","25","Nitrogen Oxides","CAP","1039.72546715","TON"
"Dust - Construction Dust","MA","25","Remaining PMFINE portion of PM2.5-PRI","","1030.88672309852346","TON"
"Mobile - Non-Road Equipment - Gasoline","MA","25","Methane","GHG","986.9190184441641","TON"
"Mobile - Non-Road Equipment - Other","MA","25","Nitrogen Oxides","CAP","983.880248112","TON"
"Mobile - Non-Road Equipment - Diesel","MA","25","Volatile Organic Compounds","CAP","964.56206561292","TON"
"Mobile - On-Road non-Diesel Light Duty Vehicles","MA","25","PM2.5 Primary (Filt + Cond)","CAP","959.9322664828","TON"
"Fuel Comb - Comm/Institutional - Oil","MA","25","Carbon Monoxide","CAP","937.261694279","TON"
"Industrial Processes - Storage and Transfer","MA","25","Lead","CAP/HAP","920.51","LB"
"Biogenics - Vegetation and Soil","MA","25","Nitrogen Oxides","CAP","918.19932","TON"
"Waste Disposal","MA","25","Sulfur Dioxide","CAP","895.4388784886","TON"
"Fuel Comb - Industrial Boilers, ICEs - Biomass","MA","25","Remaining PMFINE portion of PM2.5-PRI","","877.1457400481517","TON"
"Fuel Comb - Electric Generation - Oil","MA","25","Nitrogen Oxides","CAP","871.4495","TON"
"Fuel Comb - Industrial Boilers, ICEs - Biomass","MA","25","Nitrogen Oxides","CAP","857.752962","TON"
"Mobile - On-Road non-Diesel Light Duty Vehicles","MA","25","Methane","GHG","840.6669968779","TON"
"Commercial Cooking","MA","25","Remaining PMFINE portion of PM2.5-PRI","","827.960437753356","TON"
"Fuel Comb - Comm/Institutional - Biomass","MA","25","Carbon Monoxide","CAP","777.8225059","TON"
"Mobile - Commercial Marine Vessels","MA","25","Carbon Monoxide","CAP","777.63417232","TON"
"Mobile - Aircraft","MA","25","Volatile Organic Compounds","CAP","773.2695065913044","TON"
"Mobile - Non-Road Equipment - Diesel","MA","25","PM10 Primary (Filt + Cond)","CAP","765.741117408083","TON"
"Mobile - Non-Road Equipment - Gasoline","MA","25","PM10 Primary (Filt + Cond)","CAP","764.9199190985384","TON"
"Agriculture - Fertilizer Application","MA","25","Ammonia","CAP","763.3","TON"
"Mobile - On-Road Diesel Heavy Duty Vehicles","MA","25","PM2.5 Primary (Filt + Cond)","CAP","749.72653078742","TON"
"Mobile - Non-Road Equipment - Diesel","MA","25","PM2.5 Primary (Filt + Cond)","CAP","742.767827282955","TON"
"Mobile - Non-Road Equipment - Gasoline","MA","25","PM2.5 Primary (Filt + Cond)","CAP","703.725043830318","TON"
"Mobile - On-Road non-Diesel Light Duty Vehicles","MA","25","Nitrous Oxide","GHG","684.0798681877","TON"
"Fuel Comb - Residential - Oil","MA","25","Lead","CAP/HAP","653.870781052927545521002","LB"
"Fuel Comb - Residential - Wood","MA","25","Nitrogen Oxides","CAP","639.375262744","TON"
"Fuel Comb - Comm/Institutional - Biomass","MA","25","PM10 Primary (Filt + Cond)","CAP","636.5398926","TON"
"Fuel Comb - Residential - Oil","MA","25","PM10 Primary (Filt + Cond)","CAP","615.473483424","TON"
"Fuel Comb - Residential - Other","MA","25","Nitrogen Oxides","CAP","596.0051824","TON"
"Fuel Comb - Electric Generation - Coal","MA","25","Nitrogen Oxides","CAP","577.5","TON"
"Mobile - Non-Road Equipment - Diesel","MA","25","Elemental Carbon portion of PM2.5-PRI","","572.979539214888704","TON"
"Fuel Comb - Industrial Boilers, ICEs - Biomass","MA","25","Organic Carbon portion of PM2.5-PRI","","563.58485057107","TON"
"Mobile - On-Road non-Diesel Light Duty Vehicles","MA","25","Sulfur Dioxide","CAP","563.0150821908","TON"
"Fuel Comb - Electric Generation - Coal","MA","25","Sulfur Dioxide","CAP","551.41","TON"
"Fuel Comb - Residential - Oil","MA","25","PM2.5 Primary (Filt + Cond)","CAP","550.827287659","TON"
"Fuel Comb - Comm/Institutional - Biomass","MA","25","PM2.5 Primary (Filt + Cond)","CAP","550.236557","TON"
"Mobile - Locomotives","MA","25","Carbon Monoxide","CAP","548.1932986","TON"
"Fuel Comb - Electric Generation - Other","MA","25","Carbon Monoxide","CAP","539.6937","TON"
"Waste Disposal","MA","25","Lead","CAP/HAP","499.79040098","LB"
"Miscellaneous Non-Industrial NEC","MA","25","PM10 Primary (Filt + Cond)","CAP","498.222062442761","TON"
"Fuel Comb - Industrial Boilers, ICEs - Oil","MA","25","Carbon Monoxide","CAP","483.2301987","TON"
"Fuel Comb - Electric Generation - Oil","MA","25","Sulfur Dioxide","CAP","482.7134","TON"
"Industrial Processes - NEC","MA","25","PM10 Primary (Filt + Cond)","CAP","470.290911252","TON"
"Mobile - On-Road non-Diesel Heavy Duty Vehicles","MA","25","Volatile Organic Compounds","CAP","440.3304042876","TON"
"Industrial Processes - NEC","MA","25","Nitrogen Oxides","CAP","424.0646","TON"
"Miscellaneous Non-Industrial NEC","MA","25","PM2.5 Primary (Filt + Cond)","CAP","421.114039927337","TON"
"Commercial Cooking","MA","25","Volatile Organic Compounds","CAP","405.941130171","TON"
"Industrial Processes - NEC","MA","25","PM2.5 Primary (Filt + Cond)","CAP","404.97071851389","TON"
"Mobile - On-Road non-Diesel Light Duty Vehicles","MA","25","Organic Carbon portion of PM2.5-PRI","","403.72566881111","TON"
"Industrial Processes - NEC","MA","25","Carbon Monoxide","CAP","378.5806","TON"
"Fuel Comb - Comm/Institutional - Oil","MA","25","Sulfur Dioxide","CAP","357.33863166","TON"
"Fires - Wildfires","MA","25","Volatile Organic Compounds","CAP","354.842417","TON"
"Fuel Comb - Comm/Institutional - Other","MA","25","Carbon Monoxide","CAP","352.226423","TON"
"Mobile - On-Road Diesel Light Duty Vehicles","MA","25","Volatile Organic Compounds","CAP","351.3972586","TON"
"Fuel Comb - Electric Generation - Natural Gas","MA","25","Carbon Monoxide","CAP","345.4402","TON"
"Industrial Processes - Chemical Manuf","MA","25","Volatile Organic Compounds","CAP","345.0916","TON"
"Mobile - On-Road non-Diesel Light Duty Vehicles","MA","25","Remaining PMFINE portion of PM2.5-PRI","","345.02442474349","TON"
"Fuel Comb - Comm/Institutional - Natural Gas","MA","25","Volatile Organic Compounds","CAP","343.199906","TON"
"Fuel Comb - Comm/Institutional - Oil","MA","25","PM10 Primary (Filt + Cond)","CAP","336.3789105658","TON"
"Industrial Processes - NEC","MA","25","Remaining PMFINE portion of PM2.5-PRI","","335.987531764411856","TON"
"Mobile - Non-Road Equipment - Gasoline","MA","25","Organic Carbon portion of PM2.5-PRI","","334.919767503306228","TON"
"Fuel Comb - Residential - Natural Gas","MA","25","Volatile Organic Compounds","CAP","333.247759","TON"
"Fuel Comb - Comm/Institutional - Oil","MA","25","PM2.5 Primary (Filt + Cond)","CAP","327.422810328","TON"
"Mobile - On-Road Diesel Heavy Duty Vehicles","MA","25","Elemental Carbon portion of PM2.5-PRI","","319.409351637877","TON"
"Waste Disposal","MA","25","Elemental Carbon portion of PM2.5-PRI","","301.957011503776","TON"
"Fuel Comb - Comm/Institutional - Biomass","MA","25","Remaining PMFINE portion of PM2.5-PRI","","300.671814443637","TON"
"Mobile - Non-Road Equipment - Other","MA","25","Methane","GHG","297.713569716323","TON"
"Fuel Comb - Electric Generation - Coal","MA","25","Carbon Monoxide","CAP","292.06","TON"
"Fuel Comb - Comm/Institutional - Biomass","MA","25","Nitrogen Oxides","CAP","288.8872042","TON"
"Miscellaneous Non-Industrial NEC","MA","25","Nitrogen Oxides","CAP","287.078886471145","TON"
"Mobile - Non-Road Equipment - Gasoline","MA","25","Remaining PMFINE portion of PM2.5-PRI","","283.187638366812302","TON"
"Bulk Gasoline Terminals","MA","25","Volatile Organic Compounds","CAP","269.122123511","TON"
"Fuel Comb - Residential - Wood","MA","25","Ammonia","CAP","265.3077974414","TON"
"Fuel Comb - Comm/Institutional - Oil","MA","25","Volatile Organic Compounds","CAP","265.24674778508","TON"
"Fuel Comb - Residential - Oil","MA","25","Ammonia","CAP","258.587786026","TON"
"Fuel Comb - Residential - Wood","MA","25","Elemental Carbon portion of PM2.5-PRI","","257.26489455096","TON"
"Mobile - Aircraft","MA","25","Sulfur Dioxide","CAP","256.59075144649","TON"
"Fuel Comb - Residential - Oil","MA","25","Remaining PMFINE portion of PM2.5-PRI","","252.728180469695897","TON"
"Mobile - On-Road Diesel Heavy Duty Vehicles","MA","25","Organic Carbon portion of PM2.5-PRI","","246.233587135117","TON"
"Fuel Comb - Comm/Institutional - Other","MA","25","Nitrogen Oxides","CAP","237.4243624","TON"
"Fuel Comb - Industrial Boilers, ICEs - Natural Gas","MA","25","Volatile Organic Compounds","CAP","236.4733337","TON"
"Mobile - Commercial Marine Vessels","MA","25","Volatile Organic Compounds","CAP","231.12705182","TON"
"Industrial Processes - Mining","MA","25","PM2.5 Primary (Filt + Cond)","CAP","228.789646","TON"
"Industrial Processes - Mining","MA","25","Remaining PMFINE portion of PM2.5-PRI","","228.013870662642","TON"
"Fuel Comb - Electric Generation - Natural Gas","MA","25","PM10 Primary (Filt + Cond)","CAP","226.801426","TON"
"Fuel Comb - Electric Generation - Biomass","MA","25","Carbon Monoxide","CAP","223.92","TON"
"Fuel Comb - Electric Generation - Natural Gas","MA","25","PM2.5 Primary (Filt + Cond)","CAP","219.410926","TON"
"Waste Disposal","MA","25","Ammonia","CAP","212.4025649","TON"
"Mobile - On-Road Diesel Heavy Duty Vehicles","MA","25","Methane","GHG","210.7416518552","TON"
"Fuel Comb - Industrial Boilers, ICEs - Oil","MA","25","Sulfur Dioxide","CAP","210.51233288","TON"
"Fuel Comb - Electric Generation - Oil","MA","25","Carbon Monoxide","CAP","209.8148","TON"
"Miscellaneous Non-Industrial NEC","MA","25","Organic Carbon portion of PM2.5-PRI","","202.7655722376274549","TON"
"Dust - Paved Road Dust","MA","25","Organic Carbon portion of PM2.5-PRI","","198.9437220952","TON"
"Industrial Processes - NEC","MA","25","Nitrous Oxide","GHG","195.7495784815","TON"
"Mobile - Locomotives","MA","25","Volatile Organic Compounds","CAP","193.2120239","TON"
"Fuel Comb - Comm/Institutional - Biomass","MA","25","Organic Carbon portion of PM2.5-PRI","","193.1880551627","TON"
"Miscellaneous Non-Industrial NEC","MA","25","Remaining PMFINE portion of PM2.5-PRI","","190.2196053591235755","TON"
"Mobile - Non-Road Equipment - Other","MA","25","Volatile Organic Compounds","CAP","189.879150945","TON"
"Fuel Comb - Residential - Oil","MA","25","Volatile Organic Compounds","CAP","184.3675459888","TON"
"Mobile - On-Road non-Diesel Light Duty Vehicles","MA","25","Elemental Carbon portion of PM2.5-PRI","","182.81187566678","TON"
"Fuel Comb - Residential - Other","MA","25","Carbon Monoxide","CAP","169.0163918","TON"
"Fires - Wildfires","MA","25","PM10 Primary (Filt + Cond)","CAP","151.170083","TON"
"Fuel Comb - Comm/Institutional - Oil","MA","25","Remaining PMFINE portion of PM2.5-PRI","","146.5683608893856446","TON"
"Mobile - Aircraft","MA","25","PM10 Primary (Filt + Cond)","CAP","141.08346474799","TON"
"Fuel Comb - Residential - Oil","MA","25","Organic Carbon portion of PM2.5-PRI","","137.5887044703604","TON"
"Fuel Comb - Industrial Boilers, ICEs - Oil","MA","25","PM10 Primary (Filt + Cond)","CAP","137.2646540906","TON"
"Mobile - On-Road Diesel Heavy Duty Vehicles","MA","25","Remaining PMFINE portion of PM2.5-PRI","","135.8462360249582","TON"
"Mobile - Commercial Marine Vessels","MA","25","PM10 Primary (Filt + Cond)","CAP","133.3287515","TON"
"Mobile - Non-Road Equipment - Diesel","MA","25","Organic Carbon portion of PM2.5-PRI","","130.729289731118152","TON"
"Fires - Wildfires","MA","25","PM2.5 Primary (Filt + Cond)","CAP","128.109894","TON"
"Mobile - Commercial Marine Vessels","MA","25","PM2.5 Primary (Filt + Cond)","CAP","128.0808068","TON"
"Fuel Comb - Comm/Institutional - Natural Gas","MA","25","PM10 Primary (Filt + Cond)","CAP","126.71896486","TON"
"Mobile - Aircraft","MA","25","PM2.5 Primary (Filt + Cond)","CAP","122.96598378059","TON"
"Fuel Comb - Residential - Wood","MA","25","Sulfur Dioxide","CAP","122.0520427581","TON"
"Fuel Comb - Comm/Institutional - Natural Gas","MA","25","PM2.5 Primary (Filt + Cond)","CAP","121.67662965","TON"
"Mobile - Locomotives","MA","25","PM10 Primary (Filt + Cond)","CAP","120.3536604","TON"
"Industrial Processes - NEC","MA","25","Sulfur Dioxide","CAP","119.7757","TON"
"Fuel Comb - Electric Generation - Other","MA","25","Nitrogen Oxides","CAP","119.5544","TON"
"Fuel Comb - Industrial Boilers, ICEs - Oil","MA","25","PM2.5 Primary (Filt + Cond)","CAP","117.1272164046","TON"
"Mobile - Locomotives","MA","25","PM2.5 Primary (Filt + Cond)","CAP","116.74287929","TON"
"Fuel Comb - Industrial Boilers, ICEs - Oil","MA","25","Volatile Organic Compounds","CAP","114.15699172","TON"
"Fuel Comb - Industrial Boilers, ICEs - Natural Gas","MA","25","PM10 Primary (Filt + Cond)","CAP","113.08060562","TON"
"Fuel Comb - Industrial Boilers, ICEs - Natural Gas","MA","25","PM2.5 Primary (Filt + Cond)","CAP","110.41763341","TON"
"Fuel Comb - Electric Generation - Natural Gas","MA","25","Volatile Organic Compounds","CAP","108.466","TON"
"Mobile - On-Road non-Diesel Heavy Duty Vehicles","MA","25","PM10 Primary (Filt + Cond)","CAP","108.26380648353","TON"
"Fires - Prescribed Fires","MA","25","Carbon Monoxide","CAP","106.99855076","TON"
"Mobile - Commercial Marine Vessels","MA","25","Elemental Carbon portion of PM2.5-PRI","","98.77591820416","TON"
"Fuel Comb - Electric Generation - Natural Gas","MA","25","Ammonia","CAP","98.2088","TON"
"Fuel Comb - Electric Generation - Natural Gas","MA","25","Organic Carbon portion of PM2.5-PRI","","97.966978459","TON"
"Fuel Comb - Industrial Boilers, ICEs - Natural Gas","MA","25","Lead","CAP/HAP","96.36269244","LB"
"Commercial Cooking","MA","25","Elemental Carbon portion of PM2.5-PRI","","92.4648389728","TON"
"Fuel Comb - Industrial Boilers, ICEs - Biomass","MA","25","Sulfur Dioxide","CAP","91.1165926","TON"
"Mobile - Locomotives","MA","25","Elemental Carbon portion of PM2.5-PRI","","90.032108508448","TON"
"Mobile - Non-Road Equipment - Gasoline","MA","25","Elemental Carbon portion of PM2.5-PRI","","85.844336177726702","TON"
"Fuel Comb - Industrial Boilers, ICEs - Natural Gas","MA","25","Ammonia","CAP","83.9839851","TON"
"Agriculture - Crops & Livestock Dust","MA","25","Organic Carbon portion of PM2.5-PRI","","82.51066178675626","TON"
"Fuel Comb - Electric Generation - Natural Gas","MA","25","Remaining PMFINE portion of PM2.5-PRI","","80.9187495088","TON"
"Mobile - On-Road Diesel Heavy Duty Vehicles","MA","25","Ammonia","CAP","80.6958831805","TON"
"Fuel Comb - Comm/Institutional - Oil","MA","25","Organic Carbon portion of PM2.5-PRI","","80.34572412363792","TON"
"Fuel Comb - Industrial Boilers, ICEs - Natural Gas","MA","25","Sulfur Dioxide","CAP","78.15598554","TON"
"Fuel Comb - Electric Generation - Biomass","MA","25","Nitrogen Oxides","CAP","78","TON"
"Agriculture - Livestock Waste","MA","25","Volatile Organic Compounds","CAP","74.8892257228","TON"
"Fires - Wildfires","MA","25","Methane","GHG","73.245358","TON"
"Fuel Comb - Comm/Institutional - Oil","MA","25","Lead","CAP/HAP","72.4121837752","LB"
"Fuel Comb - Industrial Boilers, ICEs - Other","MA","25","Nitrogen Oxides","CAP","71.8400805","TON"
"Mobile - On-Road Diesel Light Duty Vehicles","MA","25","PM10 Primary (Filt + Cond)","CAP","71.195228448","TON"
"Fuel Comb - Electric Generation - Other","MA","25","Volatile Organic Compounds","CAP","67.3002","TON"
"Fuel Comb - Industrial Boilers, ICEs - Biomass","MA","25","Volatile Organic Compounds","CAP","64.2163114","TON"
"Fuel Comb - Electric Generation - Oil","MA","25","Volatile Organic Compounds","CAP","63.8956","TON"
"Fires - Wildfires","MA","25","Remaining PMFINE portion of PM2.5-PRI","","63.7090518295","TON"
"Fuel Comb - Electric Generation - Other","MA","25","Sulfur Dioxide","CAP","62.8508","TON"
"Dust - Unpaved Road Dust","MA","25","Organic Carbon portion of PM2.5-PRI","","62.261654364","TON"
"Fires - Wildfires","MA","25","Organic Carbon portion of PM2.5-PRI","","60.0579203092","TON"
"Fuel Comb - Comm/Institutional - Natural Gas","MA","25","Lead","CAP/HAP","59.88545326","LB"
"Fuel Comb - Industrial Boilers, ICEs - Biomass","MA","25","Elemental Carbon portion of PM2.5-PRI","","59.55282812927","TON"
"Mobile - Commercial Marine Vessels","MA","25","Sulfur Dioxide","CAP","57.81545825","TON"
"Fuel Comb - Residential - Oil","MA","25","Elemental Carbon portion of PM2.5-PRI","","56.1483259255008","TON"
"Fuel Comb - Electric Generation - Other","MA","25","PM10 Primary (Filt + Cond)","CAP","54.620775932","TON"
"Fuel Comb - Electric Generation - Other","MA","25","PM2.5 Primary (Filt + Cond)","CAP","54.563675932","TON"
"Mobile - Aircraft","MA","25","Remaining PMFINE portion of PM2.5-PRI","","54.34566532021702132119","TON"
"Fuel Comb - Comm/Institutional - Natural Gas","MA","25","Organic Carbon portion of PM2.5-PRI","","54.328615138725","TON"
"Fuel Comb - Electric Generation - Natural Gas","MA","25","Sulfur Dioxide","CAP","51.3815","TON"
"Fuel Comb - Industrial Boilers, ICEs - Oil","MA","25","Lead","CAP/HAP","51.02951354","LB"
"Dust - Construction Dust","MA","25","Organic Carbon portion of PM2.5-PRI","","50.504136775092","TON"
"Fuel Comb - Industrial Boilers, ICEs - Oil","MA","25","Remaining PMFINE portion of PM2.5-PRI","","50.0898912323748805","TON"
"Fuel Comb - Industrial Boilers, ICEs - Natural Gas","MA","25","Organic Carbon portion of PM2.5-PRI","","49.301473317565","TON"
"Solvent - Industrial Surface Coating & Solvent Use","MA","25","Nitrogen Oxides","CAP","48.4305","TON"
"Industrial Processes - Pulp & Paper","MA","25","Volatile Organic Compounds","CAP","48.4182","TON"
"Mobile - Aircraft","MA","25","Elemental Carbon portion of PM2.5-PRI","","47.00948528171785258701","TON"
"Mobile - On-Road Diesel Light Duty Vehicles","MA","25","PM2.5 Primary (Filt + Cond)","CAP","45.654920248","TON"
"Mobile - Non-Road Equipment - Other","MA","25","PM10 Primary (Filt + Cond)","CAP","45.1956009675163","TON"
"Mobile - Non-Road Equipment - Other","MA","25","PM2.5 Primary (Filt + Cond)","CAP","45.1956009675163","TON"
"Fuel Comb - Comm/Institutional - Natural Gas","MA","25","Remaining PMFINE portion of PM2.5-PRI","","44.87434101492","TON"
"Mobile - Non-Road Equipment - Diesel","MA","25","Methane","GHG","43.45438998555","TON"
"Fuel Comb - Comm/Institutional - Other","MA","25","PM10 Primary (Filt + Cond)","CAP","43.1162026819","TON"
"Industrial Processes - Storage and Transfer","MA","25","PM10 Primary (Filt + Cond)","CAP","41.583222597","TON"
"Fuel Comb - Industrial Boilers, ICEs - Natural Gas","MA","25","Remaining PMFINE portion of PM2.5-PRI","","40.722023201608","TON"
"Fuel Comb - Comm/Institutional - Natural Gas","MA","25","Sulfur Dioxide","CAP","40.41604236","TON"
"Mobile - On-Road Diesel Heavy Duty Vehicles","MA","25","Sulfur Dioxide","CAP","39.963198694883","TON"
"Solvent - Dry Cleaning","MA","25","Volatile Organic Compounds","CAP","39.8106","TON"
"Fuel Comb - Comm/Institutional - Oil","MA","25","Elemental Carbon portion of PM2.5-PRI","","39.47535587006984","TON"
"Fuel Comb - Industrial Boilers, ICEs - Other","MA","25","Carbon Monoxide","CAP","38.75495698","TON"
"Mobile - On-Road Diesel Light Duty Vehicles","MA","25","Methane","GHG","38.6191223","TON"
"Industrial Processes - Ferrous Metals","MA","25","Volatile Organic Compounds","CAP","37.3201","TON"
"Mobile - Non-Road Equipment - Diesel","MA","25","Remaining PMFINE portion of PM2.5-PRI","","36.56114214116974686","TON"
"Fuel Comb - Residential - Natural Gas","MA","25","Sulfur Dioxide","CAP","36.35429954","TON"
"Industrial Processes - Petroleum Refineries","MA","25","Sulfur Dioxide","CAP","35.942","TON"
"Fuel Comb - Comm/Institutional - Other","MA","25","PM2.5 Primary (Filt + Cond)","CAP","34.0646856547","TON"
"Mobile - Commercial Marine Vessels","MA","25","Lead","CAP/HAP","32.084239513454","LB"
"Fuel Comb - Comm/Institutional - Biomass","MA","25","Sulfur Dioxide","CAP","31.6375946","TON"
"Fuel Comb - Residential - Natural Gas","MA","25","PM10 Primary (Filt + Cond)","CAP","31.50705997","TON"
"Industrial Processes - NEC","MA","25","Organic Carbon portion of PM2.5-PRI","","31.218991275531435","TON"
"Industrial Processes - Pulp & Paper","MA","25","PM10 Primary (Filt + Cond)","CAP","31.015886","TON"
"Mobile - On-Road non-Diesel Heavy Duty Vehicles","MA","25","PM2.5 Primary (Filt + Cond)","CAP","30.38666310548","TON"
"Fuel Comb - Electric Generation - Oil","MA","25","PM10 Primary (Filt + Cond)","CAP","29.7401116292","TON"
"Mobile - On-Road non-Diesel Heavy Duty Vehicles","MA","25","Ammonia","CAP","29.604434217932","TON"
"Fuel Comb - Comm/Institutional - Other","MA","25","Volatile Organic Compounds","CAP","29.117435832","TON"
"Fuel Comb - Comm/Institutional - Natural Gas","MA","25","Ammonia","CAP","28.61419702","TON"
"Industrial Processes - Petroleum Refineries","MA","25","Carbon Monoxide","CAP","28.2343","TON"
"Solvent - Industrial Surface Coating & Solvent Use","MA","25","Carbon Monoxide","CAP","28.1846","TON"
"Fuel Comb - Comm/Institutional - Oil","MA","25","Ammonia","CAP","28.1777965962","TON"
"Industrial Processes - Pulp & Paper","MA","25","PM2.5 Primary (Filt + Cond)","CAP","28.023369091","TON"
"Mobile - On-Road Diesel Light Duty Vehicles","MA","25","Elemental Carbon portion of PM2.5-PRI","","27.7721238052","TON"
"Fuel Comb - Electric Generation - Oil","MA","25","PM2.5 Primary (Filt + Cond)","CAP","27.5802116292","TON"
"Fuel Comb - Industrial Boilers, ICEs - Oil","MA","25","Organic Carbon portion of PM2.5-PRI","","27.3491210629776","TON"
"Fuel Comb - Electric Generation - Oil","MA","25","Lead","CAP/HAP","26.7264989","LB"
"Fuel Comb - Industrial Boilers, ICEs - Biomass","MA","25","Ammonia","CAP","26.62503378","TON"
"Mobile - Non-Road Equipment - Other","MA","25","Remaining PMFINE portion of PM2.5-PRI","","26.1500825375559899479","TON"
"Fuel Comb - Residential - Natural Gas","MA","25","PM2.5 Primary (Filt + Cond)","CAP","26.05391546","TON"
"Solvent - Industrial Surface Coating & Solvent Use","MA","25","Ammonia","CAP","26.0031","TON"
"Mobile - Aircraft","MA","25","Organic Carbon portion of PM2.5-PRI","","25.78104517554301543407","TON"
"Fires - Prescribed Fires","MA","25","Volatile Organic Compounds","CAP","25.30428674","TON"
"Fires - Wildfires","MA","25","Ammonia","CAP","24.684486","TON"
"Solvent - Industrial Surface Coating & Solvent Use","MA","25","PM10 Primary (Filt + Cond)","CAP","24.34134","TON"
"Fuel Comb - Electric Generation - Other","MA","25","Organic Carbon portion of PM2.5-PRI","","24.33121142932","TON"
"Solvent - Industrial Surface Coating & Solvent Use","MA","25","PM2.5 Primary (Filt + Cond)","CAP","24.096771914","TON"
"Fuel Comb - Residential - Other","MA","25","Volatile Organic Compounds","CAP","23.12855857","TON"
"Industrial Processes - Storage and Transfer","MA","25","PM2.5 Primary (Filt + Cond)","CAP","22.7823112866","TON"
"Fuel Comb - Industrial Boilers, ICEs - Oil","MA","25","Ammonia","CAP","22.660964862","TON"
"Mobile - Commercial Marine Vessels","MA","25","Organic Carbon portion of PM2.5-PRI","","22.49098967408","TON"
"Miscellaneous Non-Industrial NEC","MA","25","Lead","CAP/HAP","22.379192542142","LB"
"Industrial Processes - Petroleum Refineries","MA","25","PM10 Primary (Filt + Cond)","CAP","21.7115","TON"
"Mobile - Non-Road Equipment - Gasoline","MA","25","Sulfur Dioxide","CAP","21.558025469922141","TON"
"Fuel Comb - Comm/Institutional - Biomass","MA","25","Volatile Organic Compounds","CAP","21.51052102","TON"
"Dust - Paved Road Dust","MA","25","Elemental Carbon portion of PM2.5-PRI","","21.2424508192","TON"
"Solvent - Consumer & Commercial Solvent Use","MA","25","Carbon Monoxide","CAP","21.191845965","TON"
"Mobile - Locomotives","MA","25","Organic Carbon portion of PM2.5-PRI","","20.500049603324","TON"
"Fuel Comb - Comm/Institutional - Biomass","MA","25","Elemental Carbon portion of PM2.5-PRI","","20.4137762647","TON"
"Fuel Comb - Electric Generation - Other","MA","25","Remaining PMFINE portion of PM2.5-PRI","","20.135423479250856","TON"
"Miscellaneous Non-Industrial NEC","MA","25","Elemental Carbon portion of PM2.5-PRI","","19.7575869319955617","TON"
"Mobile - Non-Road Equipment - Other","MA","25","Elemental Carbon portion of PM2.5-PRI","","19.2946397613256752141","TON"
"Industrial Processes - Petroleum Refineries","MA","25","PM2.5 Primary (Filt + Cond)","CAP","19.1007","TON"
"Miscellaneous Non-Industrial NEC","MA","25","Sulfur Dioxide","CAP","18.589853570705","TON"
"Fuel Comb - Comm/Institutional - Other","MA","25","Sulfur Dioxide","CAP","18.4627272226","TON"
"Fires - Wildfires","MA","25","Nitrogen Oxides","CAP","18.190299","TON"
"Fuel Comb - Industrial Boilers, ICEs - Oil","MA","25","Elemental Carbon portion of PM2.5-PRI","","18.1000721555852","TON"
"Solvent - Industrial Surface Coating & Solvent Use","MA","25","Remaining PMFINE portion of PM2.5-PRI","","17.5899565918832","TON"
"Industrial Processes - Chemical Manuf","MA","25","Nitrogen Oxides","CAP","17.534","TON"
"Industrial Processes - Storage and Transfer","MA","25","Remaining PMFINE portion of PM2.5-PRI","","17.257396430896609","TON"
"Industrial Processes - NEC","MA","25","Ammonia","CAP","16.8981","TON"
"Fuel Comb - Electric Generation - Coal","MA","25","Volatile Organic Compounds","CAP","16.87","TON"
"Industrial Processes - Chemical Manuf","MA","25","PM10 Primary (Filt + Cond)","CAP","16.807700707","TON"
"Industrial Processes - Chemical Manuf","MA","25","PM2.5 Primary (Filt + Cond)","CAP","16.440000707","TON"
"Mobile - On-Road non-Diesel Heavy Duty Vehicles","MA","25","Sulfur Dioxide","CAP","16.392930924213","TON"
"Industrial Processes - Non-ferrous Metals","MA","25","Volatile Organic Compounds","CAP","16.2222","TON"
"Mobile - Non-Road Equipment - Gasoline","MA","25","Ammonia","CAP","15.585891918956374","TON"
"Fuel Comb - Electric Generation - Oil","MA","25","Elemental Carbon portion of PM2.5-PRI","","15.06973430203904","TON"
"Fuel Comb - Electric Generation - Natural Gas","MA","25","Elemental Carbon portion of PM2.5-PRI","","14.6127676716","TON"
"Industrial Processes - Chemical Manuf","MA","25","Carbon Monoxide","CAP","14.5639","TON"
"Mobile - On-Road non-Diesel Heavy Duty Vehicles","MA","25","Methane","GHG","14.44321607625","TON"
"Fuel Comb - Electric Generation - Coal","MA","25","PM10 Primary (Filt + Cond)","CAP","14.044111","TON"
"Industrial Processes - Chemical Manuf","MA","25","Remaining PMFINE portion of PM2.5-PRI","","13.8172083346971","TON"
"Fuel Comb - Comm/Institutional - Other","MA","25","Remaining PMFINE portion of PM2.5-PRI","","13.58579685985336","TON"
"Mobile - Non-Road Equipment - Diesel","MA","25","Sulfur Dioxide","CAP","13.5193568496651","TON"
"Mobile - Non-Road Equipment - Diesel","MA","25","Ammonia","CAP","13.257116450387","TON"
"Industrial Processes - Petroleum Refineries","MA","25","Remaining PMFINE portion of PM2.5-PRI","","13.09947131712","TON"
"Mobile - On-Road non-Diesel Heavy Duty Vehicles","MA","25","Organic Carbon portion of PM2.5-PRI","","12.772646313688","TON"
"Mobile - On-Road non-Diesel Heavy Duty Vehicles","MA","25","Remaining PMFINE portion of PM2.5-PRI","","12.765599442634","TON"
"Fuel Comb - Residential - Natural Gas","MA","25","Organic Carbon portion of PM2.5-PRI","","12.761207792308","TON"
"Fuel Comb - Comm/Institutional - Other","MA","25","Organic Carbon portion of PM2.5-PRI","","12.60158162122355","TON"
"Industrial Processes - Pulp & Paper","MA","25","Remaining PMFINE portion of PM2.5-PRI","","12.59411183439736","TON"
"Fuel Comb - Comm/Institutional - Biomass","MA","25","Ammonia","CAP","12.520258864","TON"
"Mobile - On-Road non-Diesel Heavy Duty Vehicles","MA","25","Nitrous Oxide","GHG","12.22263832626","TON"
"Mobile - Non-Road Equipment - Other","MA","25","Sulfur Dioxide","CAP","11.63759227340598","TON"
"Mobile - On-Road Diesel Light Duty Vehicles","MA","25","Ammonia","CAP","11.3055018063","TON"
"Fires - Prescribed Fires","MA","25","PM10 Primary (Filt + Cond)","CAP","11.08508748","TON"
"Fires - Wildfires","MA","25","Sulfur Dioxide","CAP","10.599234","TON"
"Fuel Comb - Electric Generation - Coal","MA","25","PM2.5 Primary (Filt + Cond)","CAP","10.324108","TON"
"Mobile - On-Road Diesel Light Duty Vehicles","MA","25","Organic Carbon portion of PM2.5-PRI","","9.8936608435","TON"
"Fires - Prescribed Fires","MA","25","PM2.5 Primary (Filt + Cond)","CAP","9.39381648","TON"
"Fuel Comb - Electric Generation - Oil","MA","25","Ammonia","CAP","9.116523","TON"
"Industrial Processes - Non-ferrous Metals","MA","25","Nitrogen Oxides","CAP","8.9613","TON"
"Industrial Processes - NEC","MA","25","Elemental Carbon portion of PM2.5-PRI","","8.824937023190967","TON"
"Mobile - On-Road Diesel Heavy Duty Vehicles","MA","25","Nitrous Oxide","GHG","8.779550214218","TON"
"Fuel Comb - Electric Generation - Coal","MA","25","Remaining PMFINE portion of PM2.5-PRI","","8.500333673584","TON"
"Fuel Comb - Comm/Institutional - Natural Gas","MA","25","Elemental Carbon portion of PM2.5-PRI","","8.10366353469","TON"
"Industrial Processes - Petroleum Refineries","MA","25","Nitrogen Oxides","CAP","8.0058","TON"
"Industrial Processes - Chemical Manuf","MA","25","Ammonia","CAP","7.6368","TON"
"Industrial Processes - Petroleum Refineries","MA","25","Volatile Organic Compounds","CAP","7.4253","TON"
"Fuel Comb - Residential - Natural Gas","MA","25","Remaining PMFINE portion of PM2.5-PRI","","7.3766450841898","TON"
"Fuel Comb - Industrial Boilers, ICEs - Natural Gas","MA","25","Elemental Carbon portion of PM2.5-PRI","","7.353814385106","TON"
"Fuel Comb - Industrial Boilers, ICEs - Other","MA","25","Ammonia","CAP","7.255423526","TON"
"Mobile - Non-Road Equipment - Other","MA","25","Organic Carbon portion of PM2.5-PRI","","6.4882074458992597487","TON"
"Gas Stations","MA","25","Lead","CAP/HAP","6.4467754","LB"
"Solvent - Consumer & Commercial Solvent Use","MA","25","PM2.5 Primary (Filt + Cond)","CAP","6.35755374","TON"
"Solvent - Consumer & Commercial Solvent Use","MA","25","Nitrogen Oxides","CAP","6.35755374","TON"
"Solvent - Consumer & Commercial Solvent Use","MA","25","PM10 Primary (Filt + Cond)","CAP","6.35755374","TON"
"Mobile - Commercial Marine Vessels","MA","25","Remaining PMFINE portion of PM2.5-PRI","","6.2865902401644","TON"
"Fuel Comb - Electric Generation - Biomass","MA","25","Volatile Organic Compounds","CAP","5.8939","TON"
"Mobile - Locomotives","MA","25","Remaining PMFINE portion of PM2.5-PRI","","5.73009074419107","TON"
"Solvent - Industrial Surface Coating & Solvent Use","MA","25","Organic Carbon portion of PM2.5-PRI","","5.676383849601","TON"
"Fuel Comb - Electric Generation - Biomass","MA","25","PM10 Primary (Filt + Cond)","CAP","5.562502","TON"
"Fuel Comb - Electric Generation - Biomass","MA","25","PM2.5 Primary (Filt + Cond)","CAP","5.562502","TON"
"Mobile - On-Road Diesel Light Duty Vehicles","MA","25","Remaining PMFINE portion of PM2.5-PRI","","5.53546004","TON"
"Solvent - Industrial Surface Coating & Solvent Use","MA","25","Sulfur Dioxide","CAP","5.3423","TON"
"Industrial Processes - Pulp & Paper","MA","25","Organic Carbon portion of PM2.5-PRI","","5.3369940455","TON"
"Fuel Comb - Electric Generation - Oil","MA","25","Remaining PMFINE portion of PM2.5-PRI","","5.3330607912260236","TON"
"Fires - Prescribed Fires","MA","25","Methane","GHG","5.28520223","TON"
"Solvent - Consumer & Commercial Solvent Use","MA","25","Remaining PMFINE portion of PM2.5-PRI","","5.15915486001","TON"
"Industrial Processes - Non-ferrous Metals","MA","25","PM10 Primary (Filt + Cond)","CAP","5.12214","TON"
"Industrial Processes - Oil & Gas Production","MA","25","Volatile Organic Compounds","CAP","4.89","TON"
"Fuel Comb - Electric Generation - Biomass","MA","25","Ammonia","CAP","4.807","TON"
"Fuel Comb - Electric Generation - Coal","MA","25","Lead","CAP/HAP","4.8","LB"
"Fires - Prescribed Fires","MA","25","Remaining PMFINE portion of PM2.5-PRI","","4.6715449827","TON"
"Solvent - Consumer & Commercial Solvent Use","MA","25","Sulfur Dioxide","CAP","4.662206101","TON"
"Fires - Prescribed Fires","MA","25","Organic Carbon portion of PM2.5-PRI","","4.4038211192","TON"
"Fuel Comb - Comm/Institutional - Other","MA","25","Lead","CAP/HAP","4.2178095304","LB"
"Industrial Processes - Ferrous Metals","MA","25","Lead","CAP/HAP","4.2","LB"
"Fires - Wildfires","MA","25","Elemental Carbon portion of PM2.5-PRI","","4.1379496994","TON"
"Industrial Processes - Ferrous Metals","MA","25","PM10 Primary (Filt + Cond)","CAP","4.0615","TON"
"Industrial Processes - Ferrous Metals","MA","25","PM2.5 Primary (Filt + Cond)","CAP","4.0615","TON"
"Mobile - On-Road non-Diesel Heavy Duty Vehicles","MA","25","Elemental Carbon portion of PM2.5-PRI","","3.811429197695","TON"
"Fuel Comb - Industrial Boilers, ICEs - Other","MA","25","Lead","CAP/HAP","3.7965416","LB"
"Fuel Comb - Electric Generation - Oil","MA","25","Organic Carbon portion of PM2.5-PRI","","3.68462623888752","TON"
"Fuel Comb - Industrial Boilers, ICEs - Other","MA","25","Volatile Organic Compounds","CAP","3.663807497","TON"
"Fuel Comb - Electric Generation - Other","MA","25","Elemental Carbon portion of PM2.5-PRI","","3.62986018732","TON"
"Industrial Processes - Non-ferrous Metals","MA","25","PM2.5 Primary (Filt + Cond)","CAP","3.51814","TON"
"Mobile - On-Road Diesel Light Duty Vehicles","MA","25","Sulfur Dioxide","CAP","3.3159622122","TON"
"Industrial Processes - Ferrous Metals","MA","25","Remaining PMFINE portion of PM2.5-PRI","","3.31377785","TON"
"Agriculture - Crops & Livestock Dust","MA","25","Elemental Carbon portion of PM2.5-PRI","","3.21598585504552","TON"
"Industrial Processes - Non-ferrous Metals","MA","25","Remaining PMFINE portion of PM2.5-PRI","","3.18631783616","TON"
"Fuel Comb - Electric Generation - Biomass","MA","25","Remaining PMFINE portion of PM2.5-PRI","","3.039579155382","TON"
"Fuel Comb - Residential - Other","MA","25","Sulfur Dioxide","CAP","2.66867999","TON"
"Industrial Processes - Non-ferrous Metals","MA","25","Carbon Monoxide","CAP","2.6398","TON"
"Mobile - Commercial Marine Vessels","MA","25","Ammonia","CAP","2.4651392359606","TON"
"Industrial Processes - Storage and Transfer","MA","25","Ammonia","CAP","2.372","TON"
"Industrial Processes - Storage and Transfer","MA","25","Organic Carbon portion of PM2.5-PRI","","2.360404378309","TON"
"Fuel Comb - Residential - Other","MA","25","PM10 Primary (Filt + Cond)","CAP","2.223899918","TON"
"Fuel Comb - Residential - Other","MA","25","Ammonia","CAP","2.223899918","TON"
"Industrial Processes - Non-ferrous Metals","MA","25","Ammonia","CAP","2.1654","TON"
"Fuel Comb - Electric Generation - Biomass","MA","25","Organic Carbon portion of PM2.5-PRI","","1.9529944522","TON"
"Fuel Comb - Comm/Institutional - Other","MA","25","Elemental Carbon portion of PM2.5-PRI","","1.94395491900302","TON"
"Mobile - Locomotives","MA","25","Sulfur Dioxide","CAP","1.930172717","TON"
"Industrial Processes - Chemical Manuf","MA","25","Organic Carbon portion of PM2.5-PRI","","1.8842201748319","TON"
"Industrial Processes - Petroleum Refineries","MA","25","Organic Carbon portion of PM2.5-PRI","","1.8523425","TON"
"Fuel Comb - Industrial Boilers, ICEs - Biomass","MA","25","Lead","CAP/HAP","1.826541","LB"
"Fuel Comb - Residential - Other","MA","25","PM2.5 Primary (Filt + Cond)","CAP","1.779119957","TON"
"Fires - Prescribed Fires","MA","25","Ammonia","CAP","1.76060115","TON"
"Fuel Comb - Residential - Natural Gas","MA","25","Elemental Carbon portion of PM2.5-PRI","","1.74561233582","TON"
"Fuel Comb - Electric Generation - Other","MA","25","Ammonia","CAP","1.7136","TON"
"Mobile - Locomotives","MA","25","Ammonia","CAP","1.712511945","TON"
"Fires - Prescribed Fires","MA","25","Nitrogen Oxides","CAP","1.68035928","TON"
"Solvent - Graphic Arts","MA","25","Ammonia","CAP","1.4887","TON"
"Fuel Comb - Comm/Institutional - Other","MA","25","Ammonia","CAP","1.4758226819","TON"
"Fuel Comb - Electric Generation - Coal","MA","25","Ammonia","CAP","1.341","TON"
"Mobile - On-Road Diesel Light Duty Vehicles","MA","25","Nitrous Oxide","GHG","1.2945026812","TON"
"Solvent - Graphic Arts","MA","25","Nitrogen Oxides","CAP","1.254","TON"
"Fuel Comb - Industrial Boilers, ICEs - Other","MA","25","Sulfur Dioxide","CAP","1.2445046922","TON"
"Dust - Unpaved Road Dust","MA","25","Elemental Carbon portion of PM2.5-PRI","","1.11067493316","TON"
"Fuel Comb - Electric Generation - Natural Gas","MA","25","Lead","CAP/HAP","1.04893456","LB"
"Fuel Comb - Industrial Boilers, ICEs - Other","MA","25","PM10 Primary (Filt + Cond)","CAP",".9733873994","TON"
"Fuel Comb - Residential - Other","MA","25","Organic Carbon portion of PM2.5-PRI","",".8714129549386","TON"
"Fires - Prescribed Fires","MA","25","Sulfur Dioxide","CAP",".86893626","TON"
"Industrial Processes - Pulp & Paper","MA","25","Elemental Carbon portion of PM2.5-PRI","",".85091268728","TON"
"Fuel Comb - Industrial Boilers, ICEs - Other","MA","25","PM2.5 Primary (Filt + Cond)","CAP",".8064199485","TON"
"Fuel Comb - Electric Generation - Biomass","MA","25","Sulfur Dioxide","CAP",".7069","TON"
"Solvent - Graphic Arts","MA","25","Carbon Monoxide","CAP",".652","TON"
"Industrial Processes - Storage and Transfer","MA","25","Elemental Carbon portion of PM2.5-PRI","",".61826610525572","TON"
"Solvent - Consumer & Commercial Solvent Use","MA","25","Organic Carbon portion of PM2.5-PRI","",".557557462998","TON"
"Fuel Comb - Residential - Other","MA","25","Remaining PMFINE portion of PM2.5-PRI","",".50372223342541","TON"
"Solvent - Degreasing","MA","25","Lead","CAP/HAP",".5","LB"
"Fuel Comb - Industrial Boilers, ICEs - Coal","MA","25","Lead","CAP/HAP",".5","LB"
"Fuel Comb - Electric Generation - Coal","MA","25","Elemental Carbon portion of PM2.5-PRI","",".4418718224","TON"
"Solvent - Industrial Surface Coating & Solvent Use","MA","25","Elemental Carbon portion of PM2.5-PRI","",".3948329294724","TON"
"Industrial Processes - NEC","MA","25","Sulfur Hexafluoride","GHG",".37423475425","TON"
"Industrial Processes - Oil & Gas Production","MA","25","Carbon Monoxide","CAP",".37","TON"
"Solvent - Degreasing","MA","25","PM10 Primary (Filt + Cond)","CAP",".3407","TON"
"Industrial Processes - Ferrous Metals","MA","25","Ammonia","CAP",".337","TON"
"Solvent - Degreasing","MA","25","PM2.5 Primary (Filt + Cond)","CAP",".33399362","TON"
"Fuel Comb - Industrial Boilers, ICEs - Other","MA","25","Remaining PMFINE portion of PM2.5-PRI","",".33115256024228","TON"
"Fuel Comb - Electric Generation - Coal","MA","25","Organic Carbon portion of PM2.5-PRI","",".3262418128","TON"
"Fires - Prescribed Fires","MA","25","Elemental Carbon portion of PM2.5-PRI","",".3034202724","TON"
"Industrial Processes - Ferrous Metals","MA","25","Organic Carbon portion of PM2.5-PRI","",".2989264","TON"
"Solvent - Consumer & Commercial Solvent Use","MA","25","Elemental Carbon portion of PM2.5-PRI","",".280368119934","TON"
"Fuel Comb - Industrial Boilers, ICEs - Other","MA","25","Organic Carbon portion of PM2.5-PRI","",".27723607090925","TON"
"Industrial Processes - Chemical Manuf","MA","25","Elemental Carbon portion of PM2.5-PRI","",".2499360328674","TON"
"Fuel Comb - Electric Generation - Biomass","MA","25","Elemental Carbon portion of PM2.5-PRI","",".2063688242","TON"
"Industrial Processes - Ferrous Metals","MA","25","Nitrogen Oxides","CAP",".2006","TON"
"Industrial Processes - Chemical Manuf","MA","25","Lead","CAP/HAP",".2","LB"
"Fuel Comb - Comm/Institutional - Biomass","MA","25","Lead","CAP/HAP",".1860798","LB"
"Solvent - Graphic Arts","MA","25","PM10 Primary (Filt + Cond)","CAP",".172","TON"
"Solvent - Graphic Arts","MA","25","PM2.5 Primary (Filt + Cond)","CAP",".172","TON"
"Industrial Processes - Storage and Transfer","MA","25","Carbon Monoxide","CAP",".155","TON"
"Industrial Processes - Non-ferrous Metals","MA","25","Organic Carbon portion of PM2.5-PRI","",".14786491","TON"
"Solvent - Graphic Arts","MA","25","Remaining PMFINE portion of PM2.5-PRI","",".1350716","TON"
"Fuel Comb - Residential - Other","MA","25","Elemental Carbon portion of PM2.5-PRI","",".119201037119","TON"
"Industrial Processes - Oil & Gas Production","MA","25","Nitrogen Oxides","CAP",".08","TON"
"Industrial Processes - Chemical Manuf","MA","25","Sulfur Dioxide","CAP",".0582","TON"
"Industrial Processes - Petroleum Refineries","MA","25","Elemental Carbon portion of PM2.5-PRI","",".057359539","TON"
"Industrial Processes - Ferrous Metals","MA","25","Carbon Monoxide","CAP",".055","TON"
"Industrial Processes - Non-ferrous Metals","MA","25","Elemental Carbon portion of PM2.5-PRI","",".050284252","TON"
"Fuel Comb - Industrial Boilers, ICEs - Other","MA","25","Elemental Carbon portion of PM2.5-PRI","",".0468777431797","TON"
"Industrial Processes - Ferrous Metals","MA","25","Elemental Carbon portion of PM2.5-PRI","",".03630981","TON"
"Solvent - Graphic Arts","MA","25","Organic Carbon portion of PM2.5-PRI","",".0357072","TON"
"Solvent - Degreasing","MA","25","Remaining PMFINE portion of PM2.5-PRI","",".034844249786","TON"
"Industrial Processes - Non-ferrous Metals","MA","25","Sulfur Dioxide","CAP",".0328","TON"
"Industrial Processes - Ferrous Metals","MA","25","Sulfur Dioxide","CAP",".016","TON"
"Industrial Processes - Oil & Gas Production","MA","25","PM2.5 Primary (Filt + Cond)","CAP",".01548822","TON"
"Industrial Processes - Oil & Gas Production","MA","25","PM10 Primary (Filt + Cond)","CAP",".01548822","TON"
"Bulk Gasoline Terminals","MA","25","Lead","CAP/HAP",".01","LB"
"Solvent - Degreasing","MA","25","Organic Carbon portion of PM2.5-PRI","",".007778205512","TON"
"Industrial Processes - Oil & Gas Production","MA","25","Organic Carbon portion of PM2.5-PRI","",".00691549023","TON"
"Industrial Processes - Oil & Gas Production","MA","25","Remaining PMFINE portion of PM2.5-PRI","",".005712055536","TON"
"Industrial Processes - Mining","MA","25","Organic Carbon portion of PM2.5-PRI","",".00363636","TON"
"Solvent - Graphic Arts","MA","25","Elemental Carbon portion of PM2.5-PRI","",".001204","TON"
"Industrial Processes - Oil & Gas Production","MA","25","Elemental Carbon portion of PM2.5-PRI","",".001031515452","TON"
"Solvent - Degreasing","MA","25","Elemental Carbon portion of PM2.5-PRI","",".00072718534","TON"
"Industrial Processes - Mining","MA","25","Elemental Carbon portion of PM2.5-PRI","",".0000648684","TON"
"Fuel Comb - Industrial Boilers, ICEs - Coal","MA","25","Remaining PMFINE portion of PM2.5-PRI","","0","TON"
"Solvent - Degreasing","MA","25","Ammonia","CAP","0","TON"
"Industrial Processes - Storage and Transfer","MA","25","Nitrogen Oxides","CAP","0","TON"
"Industrial Processes - Cement Manuf","MA","25","Organic Carbon portion of PM2.5-PRI","","0","TON"
"Fuel Comb - Comm/Institutional - Coal","MA","25","Remaining PMFINE portion of PM2.5-PRI","","0","TON"
"Fuel Comb - Comm/Institutional - Coal","MA","25","Ammonia","CAP","0","TON"
"Industrial Processes - Cement Manuf","MA","25","PM10 Primary (Filt + Cond)","CAP","0","TON"
"Solvent - Industrial Surface Coating & Solvent Use","MA","25","Lead","CAP/HAP","0","LB"
"Fuel Comb - Comm/Institutional - Coal","MA","25","Organic Carbon portion of PM2.5-PRI","","0","TON"
"Fuel Comb - Industrial Boilers, ICEs - Coal","MA","25","PM10 Primary (Filt + Cond)","CAP","0","TON"
"Fuel Comb - Industrial Boilers, ICEs - Coal","MA","25","Sulfur Dioxide","CAP","0","TON"
"Fuel Comb - Comm/Institutional - Coal","MA","25","Elemental Carbon portion of PM2.5-PRI","","0","TON"
"Industrial Processes - Pulp & Paper","MA","25","Sulfur Dioxide","CAP","0","TON"
"Fuel Comb - Comm/Institutional - Coal","MA","25","Lead","CAP/HAP","0","LB"
"Solvent - Degreasing","MA","25","Nitrogen Oxides","CAP","0","TON"
"Industrial Processes - Storage and Transfer","MA","25","Sulfur Dioxide","CAP","0","TON"
"Industrial Processes - Cement Manuf","MA","25","Remaining PMFINE portion of PM2.5-PRI","","0","TON"
"Fuel Comb - Comm/Institutional - Coal","MA","25","Nitrogen Oxides","CAP","0","TON"
"Fuel Comb - Industrial Boilers, ICEs - Coal","MA","25","PM2.5 Primary (Filt + Cond)","CAP","0","TON"
"Industrial Processes - Cement Manuf","MA","25","Elemental Carbon portion of PM2.5-PRI","","0","TON"
"Fuel Comb - Comm/Institutional - Coal","MA","25","PM2.5 Primary (Filt + Cond)","CAP","0","TON"
"Industrial Processes - Pulp & Paper","MA","25","Carbon Monoxide","CAP","0","TON"
"Solvent - Degreasing","MA","25","Sulfur Dioxide","CAP","0","TON"
"Fuel Comb - Industrial Boilers, ICEs - Coal","MA","25","Nitrogen Oxides","CAP","0","TON"
"Solvent - Degreasing","MA","25","Carbon Monoxide","CAP","0","TON"
"Fuel Comb - Industrial Boilers, ICEs - Coal","MA","25","Volatile Organic Compounds","CAP","0","TON"
"Industrial Processes - Pulp & Paper","MA","25","Nitrogen Oxides","CAP","0","TON"
"Industrial Processes - Pulp & Paper","MA","25","Ammonia","CAP","0","TON"
"Industrial Processes - Cement Manuf","MA","25","PM2.5 Primary (Filt + Cond)","CAP","0","TON"
"Fuel Comb - Comm/Institutional - Coal","MA","25","Sulfur Dioxide","CAP","0","TON"
"Fuel Comb - Industrial Boilers, ICEs - Coal","MA","25","Ammonia","CAP","0","TON"
"Fuel Comb - Comm/Institutional - Coal","MA","25","PM10 Primary (Filt + Cond)","CAP","0","TON"
"Fuel Comb - Industrial Boilers, ICEs - Coal","MA","25","Carbon Monoxide","CAP","0","TON"
"Fuel Comb - Industrial Boilers, ICEs - Coal","MA","25","Elemental Carbon portion of PM2.5-PRI","","0","TON"
"Fuel Comb - Comm/Institutional - Coal","MA","25","Volatile Organic Compounds","CAP","0","TON"
"Dust - Construction Dust","MA","25","Elemental Carbon portion of PM2.5-PRI","","0","TON"
"Industrial Processes - Pulp & Paper","MA","25","Lead","CAP/HAP","0","LB"
"Fuel Comb - Comm/Institutional - Coal","MA","25","Carbon Monoxide","CAP","0","TON"
"Fuel Comb - Industrial Boilers, ICEs - Coal","MA","25","Organic Carbon portion of PM2.5-PRI","","0","TON"